Model,Accuracy
LR,0.8799200894237401
DT,0.9307084928770186
RF,0.9305340848732767
GBT,0.93135063143625
